nome,plataforma,genero,editora,vendas,lancamento,avaliacao-criticos,numero-criticos,avaliacao-usuarios,numero-usuarios,fabricante
Quantum Theory,PS3,Shooter,Tecmo Koei,0.17,28-Sep-10,43,34,5.5,16,Tecmo
Majin and the Forsaken Kingdom,X360,Adventure,Namco Bandai Games,0.17,23-Nov-10,74,46,8.6,19,Game Republic
International Cricket 2010,PS3,Sports,Codemasters,0.17,,,,,,
DarkStar One: Broken Alliance,X360,Simulation,Kalypso Media,0.17,13-Jul-10,63,33,7.8,17,Gaming Minds Studios
Doctor Who: Return to Earth,Wii,Adventure,Asylum Entertainment,0.17,,,,,,
Gundam Assault Survive,PSP,Simulation,Namco Bandai Games,0.17,,,,,,
Body and Brain Connection,X360,Misc,Namco Bandai Games,0.17,8-Feb-11,57,33,tbd,,Namco Bandai Games
Dante's Inferno,PSP,Action,Electronic Arts,0.17,1-Mar-10,70,14,8.3,35,EA Redwood Shores
Plants vs. Zombies,X360,Strategy,PopCap Games,0.17,28-Sep-10,89,27,8.2,136,PopCap
World of Outlaws: Sprint Cars,X360,Racing,THQ,0.17,9-Feb-10,57,4,8.9,8,Big Ant Studios
Pure Futbol,X360,Sports,Ubisoft,0.16,1-Jun-10,38,20,7.8,25,Ubisoft Vancouver
DanceMasters,X360,Misc,Konami Digital Entertainment,0.16,4-Nov-10,63,30,5.5,6,GCP1
Ben 10 Ultimate Alien: Cosmic Destruction,X360,Platform,D3Publisher,0.16,19-Oct-10,51,5,tbd,,Papaya Studios
Eiyuu Densetsu: Zero no Kiseki,PSP,Role-Playing,Falcom Corporation,0.16,,,,,,
Jillian Michaels Fitness Ultimatum 2011,Wii,Sports,D3Publisher,0.16,16-Nov-10,,,tbd,,D3
Shrek: Forever After,PS3,Platform,Activision,0.16,18-May-10,57,11,tbd,,Xpec
Brunswick Cosmic Bowling,Wii,Sports,GameMill Entertainment,0.16,10-Sep-10,,,tbd,,CokeM Interactive
MotoGP 09/10,X360,Racing,Capcom,0.16,23-Mar-10,69,41,5.7,41,Monumental Games
Hot Wheels: Track Attack,Wii,Racing,THQ,0.16,23-Nov-10,,,tbd,,THQ
Splatterhouse,X360,Action,Namco Bandai Games,0.16,23-Nov-10,62,51,7.6,49,Namco Bandai Games America
Battle of Giants: Dinosaurs Strike,Wii,Strategy,Ubisoft,0.16,9-Nov-10,,,tbd,,Ubisoft Quebec
Chuck E. Cheese's Party Games,Wii,Misc,UFO Interactive,0.16,2-Aug-10,,,tbd,,UFO Interactive
N3 II: Ninety-Nine Nights,X360,Action,Microsoft Game Studios,0.16,,,,,,
World Soccer Winning Eleven 2010: Aoki Samurai no Chousen,PSP,Sports,Konami Digital Entertainment,0.16,,,,,,
Naval Assault: The Killing Tide,X360,Simulation,505 Games,0.16,15-Jun-10,40,11,tbd,,Artech Studios
No More Heroes: Heroes' Paradise,PS3,Action,Konami Digital Entertainment,0.16,16-Aug-11,72,38,7.4,30,FeelPlus
Dynasty Warriors: Gundam 3,X360,Action,Tecmo Koei,0.16,28-Jun-11,65,27,7.8,19,Koei Tecmo Games
CSI: Fatal Conspiracy,PS3,Adventure,Ubisoft,0.15,26-Oct-10,39,5,4.5,4,Telltale Games
Shawn Johnson Gymnastics,Wii,Sports,Zoo Games,0.15,16-Nov-10,,,tbd,,Zoo Games
Lips: Party Classics,X360,Misc,Microsoft Game Studios,0.15,2-Mar-10,69,10,tbd,,iNiS
Despicable Me: The Game,PSP,Platform,D3Publisher,0.15,,,,,,
CSI: Fatal Conspiracy,X360,Adventure,Ubisoft,0.15,26-Oct-10,42,9,tbd,,Telltale Games
Schlag den Raab,Wii,Misc,Namco Bandai Games,0.15,,,,,,
Family Feud Decades,Wii,Misc,Ubisoft,0.15,9-Nov-10,,,tbd,,Ludia
Family Party: Fitness Fun,Wii,Sports,D3Publisher,0.15,21-Sep-10,,,tbd,,Tamsoft
Apache: Air Assault,PS3,Simulation,Activision,0.15,16-Nov-10,66,17,4.7,7,Gaijin Entertainment
Rudolph the Red-Nosed Reindeer,Wii,Action,Crave Entertainment,0.15,11-Nov-10,,,tbd,,High Voltage Software
SBK X: Superbike World Championship,X360,Racing,Black Bean Games,0.15,7-Dec-10,74,14,8.3,8,Milestone S.r.l
Saw II: Flesh & Blood,PS3,Action,Konami Digital Entertainment,0.15,,,,,,
Shaun White Skateboarding,Wii,Sports,Ubisoft,0.15,24-Oct-10,59,6,tbd,,Ubisoft Montreal
Kamen Rider: Climax Heroes OOO,Wii,Fighting,Namco Bandai Games,0.15,,,,,,
How to Train Your Dragon,PS3,Action,Activision,0.14,23-Mar-10,51,18,tbd,,Etranges Libellules
Bakugan Battle Brawlers: Defenders of the Core,Wii,Action,Activision,0.14,26-Oct-10,,,tbd,,Now Production
Fist of the North Star: Ken's Rage,X360,Action,Ubisoft Annecy,0.14,2-Nov-10,59,38,7.5,21,Koei
Brunswick Pro Bowling,PS3,Sports,505 Games,0.14,22-Sep-10,47,6,tbd,,Farsight Studios
Sid Meier's Pirates!,Wii,Strategy,Take-Two Interactive,0.14,,,,,,
Dragon's Lair Trilogy,Wii,Adventure,Destineer,0.14,19-Oct-10,,,8.8,4,Digital Leisure Inc.
Yu-Gi-Oh! 5D's: Duel Transer,Wii,Strategy,Konami Digital Entertainment,0.14,,,,,,
.hack//Link,PSP,Role-Playing,Namco Bandai Games,0.14,,,,,,
Apache: Air Assault,X360,Simulation,Activision,0.14,16-Nov-10,70,26,6.3,27,Gaijin Entertainment
Namco Museum Megamix,Wii,Misc,Namco Bandai Games,0.14,16-Nov-10,53,12,tbd,,Namco Bandai Games America
Dead or Alive Paradise,PSP,Misc,Ubisoft Annecy,0.14,30-Mar-10,38,34,5,30,"Tecmo, Team Ninja"
Clash of the Titans: The Videogame,X360,Action,Namco Bandai Games,0.14,,,,,,
Are You Smarter Than a 5th Grader? Back to School,Wii,Misc,Nintendo,0.14,2-Nov-10,,,tbd,,THQ
Shaun White Skateboarding,X360,Sports,Ubisoft,0.14,24-Oct-10,61,34,4.5,4,Ubisoft Montreal
MySims Collection,Wii,Misc,Electronic Arts,0.14,9-Nov-10,,,tbd,,Electronic Arts
Gunslingers,Wii,Shooter,Neko Entertainment,0.14,28-Jun-11,,,tbd,,Valcon Games
Nobunaga no Yabou: Tendou,PS3,Strategy,Tecmo Koei,0.13,,,,,,
Saw II: Flesh & Blood,X360,Action,Konami Digital Entertainment,0.13,,,,,,
DanceDanceRevolution,PS3,Simulation,Konami Digital Entertainment,0.13,16-Nov-10,60,5,tbd,,Konami
Ken to Mahou to Gakuen Mono. 3,PSP,Role-Playing,Acquire,0.13,,,,,,
Shaun White Skateboarding,PS3,Sports,Ubisoft,0.13,24-Oct-10,61,26,5.5,6,Ubisoft Montreal
"NewU Fitness First Mind Body, Yoga & Pilates Workout",Wii,Sports,Black Bean Games,0.13,,,,,,
Michael Jackson: The Experience,PSP,Misc,Ubisoft,0.13,23-Nov-10,,,tbd,,Ubisoft
Ys: The Oath in Felghana,PSP,Role-Playing,Falcom Corporation,0.13,2-Nov-10,80,25,8.5,46,Falcom
Pop'n Music Portable,PSP,Misc,Konami Digital Entertainment,0.13,,,,,,
Active Life Explorer,Wii,Sports,Namco Bandai Games,0.13,19-Oct-10,,,tbd,,h.a.n.d. Inc.
Monster Hunter Frontier Online,X360,Role-Playing,Capcom,0.13,,,,,,
Power Gig: Rise of the SixString,PS3,Misc,Unknown,0.13,19-Oct-10,36,10,tbd,,Seven45 Studios
Borderlands: Double Game Add-On Pack,X360,Shooter,Take-Two Interactive,0.13,6-Apr-10,,,tbd,,Gearbox Software
The Lord of the Rings: Aragorn's Quest,PS3,Action,Warner Bros. Interactive Entertainment,0.13,14-Sep-10,58,12,5.5,6,TT Fusion
Last Ranker,PSP,Role-Playing,Capcom,0.13,,,,,,
International Cricket 2010,X360,Sports,Codemasters,0.13,,,,,,
Marvel Super Hero Squad: The Infinity Gauntlet,PS3,Action,THQ,0.12,16-Nov-10,54,6,tbd,,THQ
Bakugan Battle Brawlers: Defenders of the Core,PSP,Action,Activision,0.12,26-Oct-10,,,tbd,,Now Production
Bakugan Battle Brawlers: Defenders of the Core,PS3,Action,Activision,0.12,26-Oct-10,50,7,tbd,,Now Production
Backyard Sports: Sandlot Sluggers,Wii,Sports,Atari,0.12,25-May-10,,,tbd,,HB Studios Multimedia
Kid Adventures: Sky Captain,Wii,Action,Unknown,0.12,15-Jun-10,,,tbd,,Torus Games
Lips: I Love The 80s,X360,Misc,Microsoft Game Studios,0.12,,,,,,
Haunted House,Wii,Adventure,Atari,0.12,5-Oct-10,41,6,tbd,,Atari
Megamind: Ultimate Showdown,PS3,Adventure,THQ,0.12,2-Nov-10,43,5,4,4,THQ Australia
Kamen Rider: Climax Heroes OOO,PSP,Fighting,Namco Bandai Games,0.12,,,,,,
The Amazing Race,Wii,Misc,Ubisoft,0.12,2-Nov-10,,,tbd,,Ludia Inc.
The God of War Trilogy,PS3,Action,Sony Computer Entertainment,0.12,,,,,,
High Velocity Bowling,PS3,Sports,Sony Computer Entertainment,0.12,6-Dec-07,66,14,8.1,22,SCEA
Marvel Super Hero Squad: The Infinity Gauntlet,X360,Action,THQ,0.12,16-Nov-10,55,10,5.6,5,THQ
Bakugan Battle Brawlers: Defenders of the Core,X360,Action,Activision,0.12,26-Oct-10,62,10,tbd,,Now Production
How to Train Your Dragon,X360,Action,Activision,0.12,23-Mar-10,58,23,7.2,6,Etranges Libellules
Mahou Shoujo Lyrical Nanoha A's Portable: The Battle of Aces,PSP,Shooter,Namco Bandai Games,0.12,,,,,,
Disney Sing It: Family Hits,PS3,Misc,Disney Interactive Studios,0.12,3-Aug-10,72,4,tbd,,Disney Interactive Studios
Adrenalin Misfits,X360,Racing,Konami Digital Entertainment,0.12,4-Nov-10,50,32,tbd,,Konami
Divinity II: The Dragon Knight Saga,X360,Role-Playing,Focus Home Interactive,0.12,12-Apr-11,72,13,8,33,Larian Studios
Peppa Pig: Fun and Games,Wii,Misc,Ubisoft,0.12,,,,,,
Megamind: The Blue Defender,PSP,Adventure,THQ,0.11,2-Nov-10,,,tbd,,THQ
Deadliest Catch: Sea of Chaos,Wii,Sports,Crave Entertainment,0.11,29-Nov-10,,,tbd,,Crave
Shin Sangoku Musou: Multi Raid 2,PSP,Action,Tecmo Koei,0.11,,,,,,
Zangeki no Reginleiv,Wii,Action,Nintendo,0.11,,,,,,
Megamind: Ultimate Showdown,X360,Adventure,THQ,0.11,2-Nov-10,33,7,4,4,THQ Australia
Reader Rabbit Kindergarten,Wii,Misc,Graffiti,0.11,4-May-10,,,tbd,,Graffiti Entertainment
Z.H.P. Unlosing Ranger vs Darkdeath Evilman,PSP,Role-Playing,Nippon Ichi Software,0.11,26-Oct-10,81,19,7.1,25,Nippon Ichi Software
Create,PS3,Misc,Electronic Arts,0.11,16-Nov-10,61,23,5,4,EA Bright Light
Naruto Shippuden: Kizuna Drive,PSP,Action,Namco Bandai Games,0.11,22-Mar-11,57,22,4,5,Premium Agency
Create,X360,Misc,Electronic Arts,0.11,16-Nov-10,60,19,5.8,9,EA Bright Light
Record of Agarest War 2,PS3,Role-Playing,Compile Heart,0.11,26-Jun-12,56,6,8,26,"Idea Factory, Compile Heart"
Dance Paradise,X360,Misc,Mindscape,0.11,15-Feb-11,59,11,tbd,,Mindscape Inc.
Backyard Sports Football: Rookie Rush,Wii,Sports,Atari,0.11,,,,,,
Venetica,X360,Role-Playing,DTP Entertainment,0.11,11-Jan-11,42,14,7.1,11,Deck 13
Lost in Shadow,Wii,Platform,Konami Digital Entertainment,0.11,4-Jan-11,68,38,8.9,12,Hudson Soft
The X-Factor,PS3,Misc,Deep Silver,0.11,,,,,,
Yogi Bear: The Video Game,Wii,Action,D3Publisher,0.11,7-Dec-10,,,tbd,,Monkey Bar Games
Yuusha no Kuse ni Namaikida Or 3D,PSP,Strategy,Sony Computer Entertainment,0.11,,,,,,
Fairy Tail: Portable Guild,PSP,Fighting,Konami Digital Entertainment,0.11,,,,,,
TRINITY: Souls of Zill O'll,PS3,Role-Playing,Ubisoft Annecy,0.1,8-Feb-11,55,34,5.8,29,Omega Force
Monster Jam: Path of Destruction,X360,Racing,Activision,0.1,9-Nov-10,,,tbd,,Virtuos
Power Gig: Rise of the SixString,X360,Misc,Unknown,0.1,19-Oct-10,36,20,1,15,Seven45 Studios
Tom Clancy's Ghost Recon,Wii,Shooter,Ubisoft,0.1,16-Nov-10,46,21,6.3,7,Next Level Games
Gladiator Begins,PSP,Action,PQube,0.1,15-Sep-10,59,9,8.6,9,Acquire
Who Wants to Be a Millionaire: 3rd Edition,Wii,Misc,Ubisoft,0.1,5-Oct-10,,,tbd,,Ludia Inc.
Truth or Lies,X360,Misc,THQ,0.1,14-Sep-10,28,6,4.2,5,THQ
PDC World Championship Darts: Pro Tour,Wii,Sports,O-Games,0.1,,,,,,
Machi-Ing Maker 3 x Tousouchuu,PSP,Simulation,D3Publisher,0.1,,,,,,
Vacation Isle: Beach Party,Wii,Misc,Warner Bros. Interactive Entertainment,0.1,Jun-10,,,,,Farsight Studios
The History Channel: Great Battles - Medieval,X360,Strategy,Slitherine Software,0.1,,,,,,
Greg Hastings Paintball 2,Wii,Shooter,505 Games,0.1,28-Sep-10,,,tbd,,Super X Studios
PixelJunk Monsters Deluxe,PSP,Strategy,Sony Computer Entertainment,0.1,30-Sep-09,86,27,8.3,26,Q Games
The Bachelor: The Videogame,Wii,Misc,Warner Bros. Interactive Entertainment,0.1,,,,,,
Cabela's North American Adventures,X360,Sports,Activision,0.1,7-Sep-10,51,5,tbd,,FUN Labs
Venetica,PS3,Role-Playing,DTP Entertainment,0.1,10-Jan-11,47,14,5.5,4,Deck 13
Cabela's North American Adventures,PS3,Sports,Activision,0.1,14-Sep-10,,,tbd,,FUN Labs
TRON: Evolution,PSP,Action,Disney Interactive Studios,0.1,7-Dec-10,,,tbd,,SuperVillain Studios
Legend of the Guardians: The Owls of Ga'Hoole,Wii,Action,Warner Bros. Interactive Entertainment,0.1,14-Sep-10,54,5,tbd,,Tantatus
Blood Drive,X360,Racing,Activision,0.1,2-Nov-10,40,21,5.9,7,Sidhe Interactive
BlazBlue: Calamity Trigger Portable,PSP,Fighting,PQube,0.1,10-Mar-10,82,14,8.4,12,Arc System Works
Disney Sing It: Party Hits,PS3,Misc,Disney Interactive Studios,0.1,12-Oct-10,,,tbd,,Disney Interactive Studios
Hollywood Squares,Wii,Misc,Ubisoft,0.09,5-Oct-10,,,tbd,,Ubisoft
Dancing on Ice,Wii,Sports,Ghostlight,0.09,,,,,,
Deadly Premonition,PS3,Action,Rising Star Games,0.09,30-Apr-13,70,32,7.9,66,Access Games
John Daly's ProStroke Golf,PS3,Sports,O-Games,0.09,5-Oct-10,58,23,4.1,8,Gusto Games
Truth or Lies,Wii,Misc,THQ,0.09,14-Sep-10,,,tbd,,THQ
Hakuouki: Zuisouroku Portable,PSP,Adventure,Idea Factory,0.09,,,,,,
"Sakura Wars: So Long, My Love",Wii,Role-Playing,Ackkstudios,0.09,30-Mar-10,75,30,7,26,Idea Factory
Sniper Elite,Wii,Shooter,Reef Entertainment,0.09,14-Dec-10,71,4,tbd,,Rebellion
NERF N-Strike: Double Blast Bundle,Wii,Shooter,Electronic Arts,0.09,26-Oct-10,,,tbd,,Electronic Arts
Fat Princess: Fistful of Cake,PSP,Action,Sony Computer Entertainment,0.09,4-May-10,74,33,9.2,18,SuperVillain Studios
Dora's Big Birthday Adventure,Wii,Misc,Take-Two Interactive,0.09,26-Oct-10,,,tbd,,2K Play
Karaoke Joysound Wii Super DX: Hitori de Minna de Utai Houdai!,Wii,Misc,Hudson Soft,0.09,,,,,,
U-Sing  2,Wii,Misc,Mindscape,0.09,,,,,,
Attack of the Movies 3D,Wii,Shooter,Majesco Entertainment,0.09,18-May-10,39,6,tbd,,Majesco Games
Momu-chan Diet Wii: Figurobics by Chon Dayon,Wii,Misc,Hudson Soft,0.09,,,,,,
iCarly 2: iJoin The Click!,Wii,Adventure,Activision,0.09,16-Nov-10,,,tbd,,Big Blue Bubble Inc.
Tom Clancy's HAWX 2,Wii,Action,Ubisoft,0.09,9-Nov-10,47,11,tbd,,Ubisoft
Lucha Libre AAA: Heroes del Ring,PS3,Fighting,Konami Digital Entertainment,0.09,12-Oct-10,54,6,6.8,9,Immersion Software & Graphics
nail'd,X360,Racing,Deep Silver,0.08,30-Nov-10,64,49,7.8,12,Techland
Beat Sketch!,PS3,Misc,Sony Computer Entertainment,0.08,,,,,,
Backyard Sports Football: Rookie Rush,X360,Sports,Atari,0.08,,,,,,
MySims SkyHeroes,X360,Action,Electronic Arts,0.08,28-Sep-10,56,15,5.5,4,The Sims Studio
PDC World Championship Darts: Pro Tour,PS3,Sports,O-Games,0.08,,,,,,
Record of Agarest War Zero,X360,Strategy,Compile Heart,0.08,14-Jun-11,,,7.9,14,"Compile Heart, RED Entertainment"
nail'd,PS3,Racing,Deep Silver,0.08,30-Nov-10,66,36,6.5,10,Techland
Data East Arcade Classics,Wii,Misc,Majesco Entertainment,0.08,16-Feb-10,56,7,8.2,5,G1M2
Busy Scissors,Wii,Simulation,Little Orbit,0.08,26-Oct-10,,,tbd,,Little Orbit
Split/Second,PSP,Racing,Disney Interactive Studios,0.08,16-Nov-10,63,16,6.7,12,Black Rock Studio
The X-Factor,X360,Misc,Deep Silver,0.08,,,,,,
Last Rebellion,PS3,Role-Playing,Nippon Ichi Software,0.08,23-Feb-10,44,30,4.5,31,Hit Maker
Quantum Theory,X360,Shooter,Tecmo Koei,0.08,28-Sep-10,37,39,2.9,22,Tecmo
NatGeo Challenge! Wild Life,PS3,Misc,Black Bean Games,0.08,,,,,,
Backyard Sports: Sandlot Sluggers,X360,Sports,Atari,0.08,25-May-10,,,3.8,4,HB Studios Multimedia
MySims SkyHeroes,PS3,Action,Electronic Arts,0.08,28-Sep-10,62,16,tbd,,Electronic Arts
ESA Game Pack,PS3,Misc,Sony Computer Entertainment,0.08,10-Nov-10,,,tbd,,Various
Bleach: Heat the Soul 7,PSP,Fighting,Sony Computer Entertainment,0.08,,,,,,
Shrek: Forever After,X360,Platform,Activision,0.08,18-May-10,62,22,6.3,8,Xpec
Criminal Girls,PSP,Role-Playing,Nippon Ichi Software,0.08,,,,,,
Martian Panic,Wii,Adventure,Unknown,0.08,24-Aug-10,,,tbd,,N-Fusion Interactive Entertainment Corp.
SingStar Guitar,PS3,Misc,Sony Computer Entertainment,0.08,,,,,,
Knights in the Nightmare,PSP,Role-Playing,Atlus,0.08,5-Nov-10,75,10,9.3,4,Sting
Field & Stream: Total Outdoorsman Challenge,X360,Sports,505 Games,0.08,,,,,,
Boku no Natsuyasumi Portable 2: Nazo Nazo Shimai to Chinbotsusen no Himitsu,PSP,Adventure,Sony Computer Entertainment,0.07,,,,,,
Tom Clancy's Ghost Recon: Predator,PSP,Shooter,Ubisoft,0.07,16-Nov-10,54,15,tbd,,Virtuos
Momotarou Dentetsu Tag Match: Yuujou - Doryoku - Shouri no Maki!,PSP,Misc,Hudson Soft,0.07,,,,,,
The Lord of the Rings: Aragorn's Quest,PSP,Action,Warner Bros. Interactive Entertainment,0.07,14-Sep-10,,,tbd,,TT Fusion
Truth or Lies,PS3,Misc,THQ,0.07,14-Sep-10,,,tbd,,THQ
Busou Shinki: Battle Masters,PSP,Action,Konami Digital Entertainment,0.07,,,,,,
Winning Eleven Playmaker 2010: Aoki Samurai no Chousen,Wii,Sports,Konami Digital Entertainment,0.07,,,,,,
Hakuouki: Yuugi Roku,PSP,Adventure,Idea Factory,0.07,,,,,,
Great Party Games,Wii,Misc,O-Games,0.07,,,,,,
Deadliest Catch: Sea of Chaos,PS3,Sports,Crave Entertainment,0.07,29-Nov-10,48,8,tbd,,Crave
America's Next Top Model,Wii,Action,Crave Entertainment,0.07,1-Jun-10,,,tbd,,Neopica
Little League World Series Baseball: Double Play,Wii,Sports,Activision,0.07,13-Jul-10,,,tbd,,Activision
Deadliest Catch: Sea of Chaos,X360,Sports,Crave Entertainment,0.07,29-Nov-10,36,4,tbd,,Crave
Rugby League 3,Wii,Sports,Alternative Software,0.07,,,,,,
Arcania: Gothic 4,X360,Role-Playing,JoWood Productions,0.07,19-Oct-10,64,21,5.6,41,Spellbound
My First Songs,Wii,Misc,Mindscape,0.07,,,,,,
Ken to Mahou to Gakuen Mono. 3,PS3,Role-Playing,Acquire,0.07,,,,,,
Little League World Series Baseball 2010,X360,Sports,Activision,0.07,13-Jul-10,55,4,tbd,,Now Production
"Prinny 2: Dawn of Operation Panties, Dood!",PSP,Platform,Nippon Ichi Software,0.07,,,,,,
Get Fit with Mel B,Wii,Sports,Black Bean Games,0.07,14-Sep-11,,,tbd,,Lightning Fish Games
Bass Pro Shops: The Hunt,X360,Sports,Griffin International,0.07,2-Jun-10,,,tbd,,Griffin International
Winning Post 7 2010,PS3,Sports,Tecmo Koei,0.07,,,,,,
Mario Tennis,Wii,Sports,Nintendo,0.07,28-Jun-10,,,tbd,,Camelot Software Planning
Man vs. Wild,PS3,Adventure,Abylight,0.07,26-Apr-11,,,tbd,,Scientifically Proven
Sly 2: Band of Thieves,PS3,Platform,Sony Computer Entertainment,0.07,29-Nov-11,,,6.8,16,Sanzaru Games
Cabela's North American Adventures,PSP,Sports,Activision,0.07,14-Sep-10,,,tbd,,FUN Labs
Let's Paint,Wii,Simulation,Zoo Games,0.06,,,,,,
Major League Baseball 2K10,PSP,Sports,Take-Two Interactive,0.06,2-Mar-10,,,tbd,,Visual Concepts
Pizza Delivery Boy,Wii,Simulation,Majesco Entertainment,0.06,23-Mar-10,,,tbd,,Attractive Games
Ikki Tousen: Xross Impact,PSP,Action,Marvelous Interactive,0.06,,,,,,
Ys vs. Sora no Kiseki: Alternative Saga,PSP,Action,Falcom Corporation,0.06,,,,,,
10 Minute Solution,Wii,Sports,Activision,0.06,29-Jun-10,,,tbd,,Anchor Bay Entertainment
Gunblade NY & L.A. Machineguns Arcade Hits Pack,Wii,Shooter,Sega,0.06,,,,,,
Basketball Hall of Fame Ultimate Hoops Challenge,Wii,Sports,Zoo Games,0.06,,,,,,
Blood Drive,PS3,Racing,Activision,0.06,2-Nov-10,47,11,tbd,,Sidhe Interactive
Naruto Shippuden: Gekitou Ninja Taisen Special,Wii,Fighting,Takara Tomy,0.06,,,,,,
Hisshou Pachinko*Pachi-Slot Kouryaku Series Portable Vol. 1: Shinseiki Evangelion - Tamashii no Kiseki,PSP,Misc,D3Publisher,0.06,,,,,,
Disgaea Infinite,PSP,Adventure,Nippon Ichi Software,0.06,8-Jun-10,64,15,4,37,Nippon Ichi Software
Reader Rabbit 1st Grade,Wii,Misc,Graffiti,0.06,4-May-10,,,tbd,,Graffiti Entertainment
Hagane no Renkinjutsushi - Fullmetal Alchemist: Yakusoku no Hi e,PSP,Action,Namco Bandai Games,0.06,,,,,,
Power Pro Success Legends,PSP,Sports,Konami Digital Entertainment,0.06,,,,,,
Phantom Brave: The Hermuda Triangle,PSP,Role-Playing,Nippon Ichi Software,0.06,8-Mar-11,65,16,6.8,9,Nippon Ichi Software
Starry * Sky: In Summer - PSP Edition,PSP,Adventure,Asgard,0.06,,,,,,
Kiniro no Corda 3,PSP,Adventure,Tecmo Koei,0.06,,,,,,
Dance Sensation!,Wii,Misc,Majesco Entertainment,0.06,,,,,,
Family Trainer: Treasure Adventure,Wii,Sports,Namco Bandai Games,0.06,TBA,,,,,Namco Bandai Games
Monster Jam: Path of Destruction,PSP,Racing,Activision,0.06,9-Nov-10,,,tbd,,Virtuos
Dream C Club Portable,PSP,Simulation,D3Publisher,0.06,,,,,,
Tokyo Mono Harashi: Karasu no Mori Gakuen Kitan,PSP,Role-Playing,Atlus,0.06,,,,,,
Shin Sangoku Musou 5 Empires,PSP,Action,Tecmo Koei,0.05,,,,,,
Chevrolet Camaro: Wild Ride,Wii,Racing,Storm City Games,0.05,30-Oct-10,,,tbd,,CokeM Interactive
Kid Fit Island Resort,Wii,Sports,Avanquest,0.05,26-Oct-10,,,tbd,,Red Wagon
TNA iMPACT: Cross the Line,PSP,Fighting,SouthPeak Games,0.05,29-Jun-10,50,6,tbd,,Point of View
Rooms: The Main Building,Wii,Adventure,Hudson Soft,0.05,23-Mar-10,60,8,tbd,,Hudson Entertainment
Trick x Logic: Season 1,PSP,Adventure,Sony Computer Entertainment,0.05,,,,,,
Winning Post 7 2010,PSP,Sports,Tecmo Koei,0.05,,,,,,
Starry * Sky: In Spring - PSP Edition,PSP,Adventure,Asgard,0.05,,,,,,
Tournament of Legends,Wii,Fighting,Sega,0.05,6-Jul-10,45,38,6.6,10,High Voltage Software
Speed,Wii,Racing,Unknown,0.05,29-Apr-10,,,tbd,,Zoo Games
Puzzle Chronicles,PSP,Puzzle,Konami Digital Entertainment,0.05,28-Jan-10,62,19,tbd,,Konami
Marriage Royale: Prism Story,PSP,Adventure,ASCII Media Works,0.05,,,,,,
Legend of the Guardians: The Owls of Ga'Hoole,X360,Action,Warner Bros. Interactive Entertainment,0.05,14-Sep-10,60,13,tbd,,Krome Studios
Sam & Max: Beyond Time and Space,Wii,Adventure,Atari,0.05,,,,,,
Corpse Party: Blood Covered - Repeated Fear,PSP,Adventure,5pb,0.05,,,,,,
Durarara!! 3-way Standoff,PSP,Adventure,ASCII Media Works,0.05,,,,,,
Ivy the Kiwi?,Wii,Puzzle,Rising Star Games,0.05,24-Aug-10,74,30,7.6,10,Prope
Fushigi no Dungeon: Fuurai no Shiren 3 Portable,PSP,Role-Playing,Spike,0.05,,,,,,
White Album: Tsuzurareru Fuyu no Omoide,PS3,Adventure,Aqua Plus,0.05,,,,,,
Little League World Series Baseball 2010,PS3,Sports,Activision,0.05,13-Jul-10,61,4,tbd,,Now Production
DoDonPachi Resurrection,X360,Shooter,Rising Star Games,0.05,4-Nov-11,77,10,8.4,10,Cave
Sled Shred featuring the Jamaican Bobsled Team,Wii,Sports,SouthPeak Games,0.05,12-Oct-10,,,tbd,,
Lucha Libre AAA: Heroes del Ring,X360,Fighting,Konami Digital Entertainment,0.05,12-Oct-10,49,11,5.5,11,Immersion Software & Graphics
Call of Duty: The War Collection,X360,Shooter,Activision,0.04,8-Jun-10,,,tbd,,"Infinity Ward, Treyarch"
Rapala Pro Bass Fishing 2010,PSP,Sports,Activision,0.04,28-Sep-10,,,tbd,,FUN Labs
B's-LOG Partyâ™ª,PSP,Adventure,Idea Factory,0.04,,,,,,
Saki Portable,PSP,Adventure,Alchemist,0.04,,,,,,
MorphX,X360,Shooter,505 Games,0.04,28-Sep-10,33,4,6.4,9,Buka Entertainment
Pheasants Forever Wingshooter,Wii,Shooter,Unknown,0.04,,,,,,
Sushi Go-Round,Wii,Simulation,Asylum Entertainment,0.04,30-Mar-10,,,tbd,,SouthPeak Games
Winter Sports 3: The Great Tournament,Wii,Sports,Tradewest,0.04,,,,,,
Legend of the Guardians: The Owls of Ga'Hoole,PS3,Action,Warner Bros. Interactive Entertainment,0.04,14-Sep-10,62,9,tbd,,Krome Studios
SingStar Apres-Ski Party 2,PS3,Misc,Sony Computer Entertainment,0.04,,,,,,
Little Busters! Converted Edition,PSP,Adventure,Prototype,0.04,,,,,,
Shukufuku no Campanella Portable,PSP,Adventure,Kadokawa Shoten,0.04,,,,,,
Rock of the Dead,X360,Shooter,Conspiracy Entertainment,0.04,19-Oct-10,48,7,tbd,,Epicenter Studios
Winning Post World 2010,PS3,Sports,Tecmo Koei,0.04,,,,,,
North American Hunting Extravaganza 2,Wii,Sports,Unknown,0.04,,,,,,
Daikaijuu Battle: Ultra Coliseum DX - Ultra Senshi Daishuuketsu,Wii,Fighting,Namco Bandai Games,0.04,,,,,,
Honda ATV Fever,Wii,Racing,Storm City Games,0.04,1-Oct-10,,,tbd,,Beyond Reality
Blue Roses: Yousei to Aoi Hitomi no Senshitachi,PSP,Adventure,Nippon Ichi Software,0.04,,,,,,
Harukanaru Toki no Naka de 4: Aizouban,PSP,Role-Playing,Tecmo Koei,0.04,,,,,,
Forza Motorsport 3: Ultimate Edition,X360,Racing,Microsoft Game Studios,0.04,,,,,,
Gummy Bears Mini Golf,Wii,Sports,Unknown,0.04,,,,,,
Da Capo I & II Plus Situation Portable,PSP,Adventure,Kadokawa Shoten,0.04,,,,,,
Monster Hunter Frontier Online: Season 9.0,X360,Role-Playing,Capcom,0.04,,,,,,
Attack of the Movies 3D,X360,Shooter,Majesco Entertainment,0.04,18-May-10,38,8,0.8,9,Panic Button
Trick x Logic: Season 2,PSP,Adventure,Sony Computer Entertainment,0.04,,,,,,
Espgaluda II Black Label,X360,Shooter,Cave,0.04,,,,,,
Shin Koihime Musou: Otome Ryouran * Sangokushi Engi - Shu-Hen,PSP,Adventure,Yeti,0.04,,,,,,
Greg Hastings Paintball 2,PS3,Shooter,Majesco Entertainment,0.04,14-Jun-11,46,5,tbd,,Super X Studios
The Kore Gang,Wii,Platform,Flashpoint Games,0.04,8-Nov-11,70,10,8.8,5,Snap Dragon Games
Gekiatsu!! Pachi Game Tamashi: CR Evangelion - Hajimari no Fukuin,PS3,Misc,Unknown,0.03,,,,,,
Marines: Modern Urban Combat,Wii,Shooter,O-Games,0.03,26-Jan-10,,,tbd,,Destineer
City Builder,Wii,Misc,Virtual Play Games,0.03,28-Feb-10,,,tbd,,Collision Studios
Kevin Van Dam: Big Bass Challenge,Wii,Sports,Zoo Games,0.03,,,,,,
Gormiti: The Lords of Nature!,Wii,Adventure,Konami Digital Entertainment,0.03,,,,,,
Classic Dungeon: Fuyoku no Masoujin,PSP,Role-Playing,Nippon Ichi Software,0.03,,,,,,
NatGeo Challenge! Wild Life,Wii,Misc,Black Bean Games,0.03,,,,,,
Chaos;Head - Love Chu*Chu!,X360,Adventure,5pb,0.03,,,,,,
thinkSMART FAMILY!,Wii,Misc,Conspiracy Entertainment,0.03,22-Jun-10,,,tbd,,Mentor Interactive
Last Escort: Club Katze,PSP,Adventure,D3Publisher,0.03,,,,,,
Shin Koihime Musou: Otome Ryouran * Sangokushi Engi - Wei-Hen,PSP,Adventure,Yeti,0.03,,,,,,
StormLover,PSP,Adventure,D3Publisher,0.03,,,,,,
Shin Sangoku Musou Online: Kamishou Ranbu,PS3,Action,Tecmo Koei,0.03,,,,,,
Dennou Senki Virtual-On Force,X360,Fighting,Sega,0.03,,,,,,
Judie no Atelier: Guramnat no Renkinjutsu - Toraware no Morito,PSP,Role-Playing,Gust,0.03,,,,,,
Senko no Ronde DUO,X360,Fighting,G.Rev,0.03,,,,,,
Katekyoo Hitman Reborn! Kizuna no Tag Battle,PSP,Fighting,Marvelous Interactive,0.03,,,,,,
Rock of the Dead,PS3,Shooter,Conspiracy Entertainment,0.03,19-Oct-10,45,7,tbd,,Epicenter Studios
DJ Max Portable 3,PSP,Misc,CyberFront,0.03,14-Oct-10,,,6.5,6,PM Studios Inc.
Armored Core: Last Raven Portable,PSP,Simulation,From Software,0.03,3-May-10,,,tbd,,From Software
SD Gundam: Gashapon Wars,Wii,Strategy,Namco Bandai Games,0.03,,,,,,
Ape Escape,PS3,Platform,Sony Computer Entertainment,0.03,5-Jul-11,43,23,4.9,14,SCE Japan Studio
Sherlock Holmes: Secret of The Silver Earring,Wii,Adventure,Focus Home Interactive,0.03,,,,,,
Boot Camp Academy,Wii,Action,Zoo Games,0.03,20-May-10,,,tbd,,Ubisoft
Maximum Racing: Drag & Stock Racer,Wii,Racing,Nordic Games,0.03,,,,,,
Blaze Union: Story to Reach the Future,PSP,Role-Playing,Sting,0.03,,,,,,
Maximum Racing: GP Classic Racing,Wii,Racing,Nordic Games,0.03,14-Mar-11,,,tbd,,Nordic Games Publishing
DeathSmiles II X,X360,Shooter,Cave,0.03,17-May-11,,,8,7,Cave
Hyakumanton no Bara Bara,PSP,Strategy,Sony Computer Entertainment,0.03,,,,,,
Sokukoku no Kusabi: Hiiro no Kakera 3 Portable,PSP,Adventure,Idea Factory,0.03,,,,,,
The King of Fighters Portable '94~'98: Chapter of Orochi,PSP,Fighting,SNK Playmore,0.03,,,,,,
Shin Koihime Musou: Otome Ryouran * Sangokushi Engi - Wu-Hen,PSP,Adventure,Yeti,0.03,,,,,,
101-in-1 Sports Party Megamix,Wii,Sports,Nordcurrent,0.03,13-Jan-11,41,7,tbd,,Nordcurrent
Heathcliff! The Fast and the Furriest,Wii,Racing,Storm City Games,0.03,5-Nov-10,,,tbd,,Storm City Games
Clannad: Mitsumi Mamoru Sakamichi de - Gekan,PSP,Adventure,Prototype,0.03,,,,,,
Sengoku Efuda Yuugi: Hototogisu Tairan,PSP,Strategy,Irem Software Engineering,0.03,,,,,,
Starry * Sky: In Autumn - PSP Edition,PSP,Adventure,Asgard,0.03,,,,,,
Hakuouki: Junsouroku,PS3,Adventure,Idea Factory,0.03,,,,,,
Let's Play Ballerina,Wii,Sports,Deep Silver,0.02,8-Jun-10,,,tbd,,
Rugby League Live,X360,Sports,Home Entertainment Suppliers,0.02,,,,,,
Otometeki Koi Kakumei * Love Revo! Portable,PSP,Adventure,Idea Factory,0.02,,,,,,
No More Heroes: Heroes' Paradise,X360,Action,Marvelous Interactive,0.02,,,,,,
Ken to Mahou to Gakuen Mono. 2G,PS3,Role-Playing,Acquire,0.02,,,,,,
Let's Play Garden,Wii,Simulation,Deep Silver,0.02,25-May-10,,,tbd,,Deep Silver
Carnage Heart EXA,PSP,Strategy,ArtDink,0.02,19-Mar-13,,,tbd,,Artdink
Clannad: Mitsumi Mamoru Sakamichi de - Joukan,PSP,Adventure,Prototype,0.02,,,,,,
Vitamin Z Revolution,PSP,Adventure,D3Publisher,0.02,,,,,,
Kingdom: Ikkitousen no Ken,PSP,Action,Konami Digital Entertainment,0.02,,,,,,
Chaos;Head Noah,PSP,Adventure,5pb,0.02,,,,,,
Crazy Machines,Wii,Puzzle,DTP Entertainment,0.02,14-Jun-11,,,tbd,,FAKT Software
Twinkle * Crusaders GoGo!,PSP,Adventure,ASCII Media Works,0.02,,,,,,
Hisshou Pachinko * Pachi-Slot Kouryaku Series Portable Vol. 2: CR Evangelion - Hajimari no Fukuin,PSP,Misc,D3Publisher,0.02,,,,,,
PachiPara 15: Super Umi Monogatari in Okinawa 2,PS3,Misc,Irem Software Engineering,0.02,,,,,,
Otome wa Oanesama Boku ni Koi Shiteru Portable,PSP,Adventure,Alchemist,0.02,,,,,,
Umineko no Naku Koro ni: Majo to Suiri no Rinbukyoku,PS3,Adventure,Alchemist,0.02,,,,,,
Rugby League Live,PS3,Sports,Home Entertainment Suppliers,0.02,,,,,,
"Renai Banchou: Inochi Meishi, Koiseyo Otome! Love is Power!!!",PSP,Adventure,Idea Factory,0.02,,,,,,
Jikandia: The Timeless Land,PSP,Role-Playing,Idea Factory,0.02,22-Mar-11,60,5,7.2,5,Opus Studio
Ore no Yome: Anata Dake no Hanayome,X360,Adventure,Idea Factory,0.02,,,,,,
Tsuyo Kiss 2 Portable,PSP,Adventure,NetRevo,0.02,,,,,,
Nisenochigiri,PSP,Adventure,Idea Factory,0.02,,,,,,
Triple Crown Championship Snowboarding,Wii,Sports,Destineer,0.02,,,,,,
Uta no * Prince-Sama,PSP,Adventure,Broccoli,0.02,,,,,,
Pastel Chime Continue,PSP,Adventure,5pb,0.02,,,,,,
Princess Isabella: A Witch's Curse,Wii,Adventure,Destineer,0.02,3-Sep-10,,,tbd,,Gogii Games
Kazoku Keikaku,PSP,Adventure,CyberFront,0.02,,,,,,
Zettai Meikyuu Grimm: Nanatsu no Kagi to Rakuen no Otome,PSP,Misc,Karin Entertainment,0.02,,,,,,
Winter Blast: 9 Snow & Ice Games,Wii,Sports,Destineer,0.02,,,,,,
Motto NUGA-CEL!,PSP,Adventure,Idea Factory,0.02,,,,,,
Miyako,PSP,Adventure,Idea Factory,0.02,,,,,,
11eyes: CrossOver,PSP,Adventure,5pb,0.02,,,,,,
Tantei Opera: Milky Holmes,PSP,Adventure,Unknown,0.02,,,,,,
Metal Fight Beyblade Portable: Chouzetsu Tensei Vulcan Horses,PSP,Action,Takara Tomy,0.02,,,,,,
Winter Sports 3: The Great Tournament,PS3,Sports,Tradewest,0.02,,,,,,
Ketsui: Kizuna Jigoku Tachi Extra,X360,Shooter,5pb,0.02,,,,,,
Koisuru Otome to Shugo no Tate Portable,PSP,Adventure,Alchemist,0.02,,,,,,
Rock Blast,Wii,Puzzle,UFO Interactive,0.02,9-Feb-10,,,tbd,,UFO Interactive
Tegami Bachi: Kokoro Tsumugu Mono e,PSP,Role-Playing,Konami Digital Entertainment,0.02,,,,,,
Maximum Racing: Crash Car Racer,Wii,Racing,Nordic Games,0.02,,,,,,
GA - Geijutsuka Art Design Class: Slapstick Wonder Land,PSP,Adventure,Russel,0.02,,,,,,
SingStar Fussballhits,PS3,Misc,Sony Computer Entertainment,0.02,,,,,,
Vitamin X Evolution Plus,PSP,Adventure,D3Publisher,0.02,,,,,,
Memories Off: Yubikiri no Kioku,X360,Adventure,5pb,0.02,,,,,,
Cross Â† Channel,PSP,Adventure,CyberFront,0.02,,,,,,
Harley-Davidson: Road Trip,Wii,Racing,Destineer,0.02,28-Jun-10,,,tbd,,Destineer
Strike Witches: Shirogane no Tsubasa,X360,Strategy,CyberFront,0.02,,,,,,
Yoake Yori Ruriiro na Portable,PSP,Adventure,Kadokawa Shoten,0.02,,,,,,
Battle Spirits: Hero's Soul,PSP,Role-Playing,Namco Bandai Games,0.02,,,,,,
W.L.O. Sekai Renai Kikousen,X360,Adventure,5pb,0.02,,,,,,
Shin Sangoku Musou Online: Souten Ranbu,PS3,Action,Tecmo Koei,0.02,,,,,,
Daito Giken Koushiki Pachi-Slot Simulator: Ossu! Misao + Maguro Densetsu Portable,PSP,Misc,Paon,0.02,,,,,,
GTI Club: Supermini Festa!,Wii,Racing,Konami Digital Entertainment,0.02,,,,,,
Shin Hisui no Shizuku: Hiiro no Kakera 2 Portable,PSP,Adventure,Idea Factory,0.02,,,,,,
Narcissus: Moshimo Ashita ga Runara,PSP,Adventure,Kadokawa Shoten,0.02,,,,,,
"Sharin no Kuni, Himawari no Shoujo",X360,Adventure,5pb,0.02,,,,,,
So-Ra-No-Wo-To: Otome no Gojuusou,PSP,Adventure,Compile Heart,0.02,,,,,,
NatGeo Challenge! Wild Life,X360,Misc,Black Bean Games,0.02,,,,,,
Misshitsu no Sacrifice,PSP,Adventure,D3Publisher,0.02,,,,,,
Challenge Me: Brain Puzzles 2,Wii,Puzzle,O-Games,0.02,26-Oct-10,,,tbd,,O-Games
Sora no Otoshimono: DokiDoki Summer Vacation,PSP,Adventure,Kadokawa Shoten,0.01,,,,,,
Wand of Fortune: Mirai e no Prologue Portable,PSP,Adventure,Idea Factory,0.01,,,,,,
Secret Game Portable,PSP,Adventure,Yeti,0.01,,,,,,
Wand of Fortune Portable,PSP,Adventure,Idea Factory,0.01,,,,,,
Himawari: Pebble in the Sky Portable,PSP,Adventure,Kadokawa Shoten,0.01,,,,,,
Titanic Mystery,Wii,Puzzle,O-Games,0.01,3-Apr-12,,,tbd,,PlayV
Pirates PlundArrr,Wii,Action,Majesco Entertainment,0.01,25-May-10,60,5,tbd,,Boomzap
Sakura Sakura: Haru Urara,PSP,Adventure,GN Software,0.01,,,,,,
Kana: Imouto,PSP,Adventure,CyberFront,0.01,,,,,,
PDC World Championship Darts: Pro Tour,X360,Sports,O-Games,0.01,,,,,,
Tears to Tiara: Kakan no Daichi Portable,PSP,Adventure,Aqua Plus,0.01,,,,,,
I Love Horses: Rider's Paradise,Wii,Simulation,Destineer,0.01,30-Mar-11,,,tbd,,Destineer
Satisfashion,Wii,Misc,Destineer,0.01,Apr-10,,,,,XS Games
Wild West Shootout,Wii,Shooter,Unknown,0.01,,,,,,
Canada Hunt,Wii,Sports,Virtual Play Games,0.01,,,,,,
Densetsu no Yuusha no Densetsu: Legendary Saga,PSP,Role-Playing,Kadokawa Shoten,0.01,,,,,,
Hiiro no Kakera: Shin Tamayori Hime Denshou Portable,PSP,Adventure,Idea Factory,0.01,,,,,,
Horrid Henry: Missions of Mischief,Wii,Adventure,SouthPeak Games,0.01,TBA,,,,,Asylum Entertainment
No Fate! Only the Power of Will,X360,Adventure,Alchemist,0.01,,,,,,
"Hanayaka Kana, Ware ga Ichizoku",PSP,Adventure,Idea Factory,0.01,,,,,,
Sengoku Hime 2 Arashi: Hyakubana Senran Tatsukaze no Gotoku,PSP,Strategy,System Soft,0.01,,,,,,
FairlyLife: MiracleDays,PSP,Adventure,Piacci,0.01,,,,,,
Moe Moe 2-Ji Daisenryaku 2,PSP,Strategy,System Soft,0.01,,,,,,
Thomas & Friends: Hero of the Rails,Wii,Misc,Unknown,0.01,,,,,,
Ishin Renka: Ryouma Gaiden,PSP,Adventure,D3Publisher,0.01,,,,,,
S.Y.K: Shinsetsu Saiyuuki Portable,PSP,Adventure,Idea Factory,0.01,,,,,,
Akatsuki no Amaneka to Aoi Kyojin,PSP,Strategy,CyberFront,0.01,,,,,,
John Daly's ProStroke Golf,X360,Sports,O-Games,0.01,Canceled,57,5,,,Gusto Games
Tenjin Ranman: Happy GO Lucky!!,PSP,Adventure,Russel,0.01,,,,,,
The Cages: Pro Style Batting Practice,Wii,Sports,Konami Digital Entertainment,0.01,6-Jul-10,,,tbd,,Konami
Slotter Mania P: Tetsuya Shinjuku vs Ueno ,PSP,Misc,Dorart,0.01,,,,,,
Winter Sports 3: The Great Tournament,X360,Sports,Tradewest,0.01,TBA,,,,,49Games
The Eye of Judgment: Legends,PSP,Strategy,Sony Computer Entertainment,0.01,10-Mar-10,69,17,8.7,13,SCEI
The Conveni Portable,PSP,Simulation,Hamster Corporation,0.01,,,,,,
Canvas 3: Nanairo no Kiseki,PSP,Adventure,GN Software,0.01,,,,,,
Memories Off 6: Next Relation,PSP,Adventure,5pb,0.01,,,,,,
D.C. Girl's Symphony Pocket,PSP,Adventure,Idea Factory,0.01,,,,,,
Marvel Superheroes 3D: Grandmaster's Challenge,Wii,Action,Neko Entertainment,0.01,,,,,,
No Fate! Only the Power of Will,PSP,Adventure,Alchemist,0.01,,,,,,
Power Smash: Live Match!,PS3,Sports,Sega,0.01,,,,,,
The Ultimate Battle of the Sexes,Wii,Misc,DTP Entertainment,0.01,27-Dec-11,,,tbd,,Neopica
Akatsuki no Amaneka to Aoi Kyojin,X360,Strategy,CyberFront,0.01,,,,,,
Anpanman Niko Niko Party,Wii,Misc,Agatsuma Entertainment,0.01,,,,,,
Winning Post World 2010,Wii,Sports,Tecmo Koei,0.01,,,,,,
Harakuju Tantei Gakuen: Steel Wood,PSP,Adventure,Idea Factory,0.01,,,,,,
"Second Novel: Kanojo no Natsu, 15-Bun no Kioku",PSP,Adventure,Nippon Ichi Software,0.01,,,,,,
FlatOut,Wii,Racing,Zoo Games,0.01,23-Nov-10,,,8.2,13,Team6 Game Studios
"Koori no Bohyou: Ichiryuuwa, 3-dome no Junan",PSP,Strategy,Nippon Ichi Software,0.01,,,,,,
Once Upon A Time,Wii,Misc,Storm City Games,0.01,9-Dec-10,,,tbd,,
Radirgy Noa Wii,Wii,Shooter,Milestone,0.01,,,,,,
Soul Calibur IV,X360,Fighting,Namco Bandai Games,0.01,,,,,,
Nizu no Senritsu Portable 2: Hi no Kioku,PSP,Adventure,CyberFront,0.01,,,,,,
Call of Duty: Modern Warfare 3,X360,Shooter,Activision,14.16,8-Nov-11,88,81,3.3,8457,"Infinity Ward, Sledgehammer Games"
Call of Duty: Modern Warfare 3,PS3,Shooter,Activision,12.74,8-Nov-11,88,39,3.1,5037,"Infinity Ward, Sledgehammer Games"
Just Dance 3,Wii,Misc,Ubisoft,9.87,7-Oct-11,74,15,7.6,12,Ubisoft
Super Mario 3D Land,3DS,Platform,Nintendo,9.28,13-Nov-11,90,82,8.2,576,Nintendo
Mario Kart 7,3DS,Racing,Nintendo,9.25,4-Dec-11,85,73,8.3,377,"Retro Studios, Entertainment Analysis & Development Division"
The Elder Scrolls V: Skyrim,X360,Role-Playing,Bethesda Softworks,7.8,11-Nov-11,96,89,8.4,2938,Bethesda Game Studios
Battlefield 3,X360,Shooter,Electronic Arts,7.11,25-Oct-11,84,57,7.4,2054,EA DICE
Battlefield 3,PS3,Shooter,Electronic Arts,6.81,25-Oct-11,85,38,7.4,1617,EA DICE
FIFA Soccer 12,PS3,Sports,Electronic Arts,6.48,27-Sep-11,90,44,7.2,284,Electronic Arts
Uncharted 3: Drake's Deception,PS3,Action,Sony Computer Entertainment,6.26,1-Nov-11,92,97,8.3,2659,Naughty Dog
Gears of War 3,X360,Shooter,Microsoft Game Studios,5.98,20-Sep-11,91,96,7.6,1200,Epic Games
The Elder Scrolls V: Skyrim,PS3,Role-Playing,Bethesda Softworks,5.29,11-Nov-11,92,16,6,2045,Bethesda Game Studios
Batman: Arkham City,PS3,Action,Warner Bros. Interactive Entertainment,4.81,18-Oct-11,96,42,8.5,1417,Rocksteady Studios
Batman: Arkham City,X360,Action,Warner Bros. Interactive Entertainment,4.32,18-Oct-11,94,87,8.6,1194,Rocksteady Studios
Forza Motorsport 4,X360,Racing,Microsoft Game Studios,4.16,11-Oct-11,91,83,8.1,491,Turn 10
FIFA Soccer 12,X360,Sports,Electronic Arts,4.1,27-Sep-11,90,69,6.7,290,Electronic Arts
Assassin's Creed: Revelations,PS3,Action,Ubisoft,4.03,15-Nov-11,80,39,7.5,451,Ubisoft Montreal
Assassin's Creed: Revelations,X360,Action,Ubisoft,4.02,15-Nov-11,80,77,7.1,458,Ubisoft Montreal
The Legend of Zelda: Skyward Sword,Wii,Action,Nintendo,3.72,20-Nov-11,93,81,7.8,1433,Nintendo
Mario & Sonic at the London 2012 Olympic Games,Wii,Sports,Sega,3.59,,,,,,
Nintendogs + cats,3DS,Simulation,Nintendo,3.3,,,,,,
The Legend of Zelda: Ocarina of Time,3DS,Action,Nintendo,3.29,,,,,,
LittleBigPlanet 2,PS3,Platform,Sony Computer Entertainment,3.09,18-Jan-11,91,86,8.3,482,Media Molecule
L.A. Noire,PS3,Adventure,Take-Two Interactive,2.9,17-May-11,89,78,7.5,780,Team Bondi
Zumba Fitness 2,Wii,Sports,Majesco Entertainment,2.71,15-Nov-11,,,tbd,,Majesco Games
Skylanders: Spyro's Adventure,Wii,Action,Activision,2.66,16-Oct-11,81,11,5.3,22,Toys for Bob
Saints Row: The Third,X360,Action,THQ,2.62,15-Nov-11,84,70,7.5,399,Volition Inc.
Madden NFL 12,X360,Sports,Electronic Arts,2.61,30-Aug-11,78,55,5.9,87,EA Tiburon
Killzone 3,PS3,Shooter,Sony Computer Entertainment,2.58,22-Feb-11,84,85,7.9,767,Guerrilla
NBA 2K12,X360,Sports,Take-Two Interactive,2.52,4-Oct-11,90,42,7.7,117,Visual Concepts
Final Fantasy XIII-2,PS3,Role-Playing,Square Enix,2.52,31-Jan-12,79,53,6.8,499,Square Enix
Monster Hunter Tri,3DS,Role-Playing,Nintendo,2.5,,,,,,
L.A. Noire,X360,Adventure,Take-Two Interactive,2.5,17-May-11,89,83,7.7,747,Team Bondi
Mortal Kombat,PS3,Fighting,Warner Bros. Interactive Entertainment,2.41,19-Apr-11,84,60,8.2,364,NetherRealm Studios
Saints Row: The Third,PS3,Action,THQ,2.29,15-Nov-11,82,50,7.7,309,Volition Inc.
Dead Island,X360,Action,Deep Silver,2.24,6-Sep-11,71,75,7,534,Techland
Halo: Combat Evolved Anniversary,X360,Shooter,Microsoft Game Studios,2.21,15-Nov-11,82,73,8.1,382,343 Industries
Kinect: Disneyland Adventures,X360,Misc,Microsoft Game Studios,2.19,15-Nov-11,73,33,5.9,24,Frontier Developments
Kinect Sports: Season Two,X360,Sports,Microsoft Game Studios,2.18,25-Oct-11,66,46,6.3,27,"BigPark, Rare Ltd."
Madden NFL 12,PS3,Sports,Electronic Arts,2.15,30-Aug-11,79,31,5.4,49,EA Tiburon
Pro Evolution Soccer 2012,PS3,Sports,Konami Digital Entertainment,2.15,27-Sep-11,80,41,6.5,114,Konami
NBA 2K12,PS3,Sports,Take-Two Interactive,2.02,4-Oct-11,90,38,6.6,108,Visual Concepts
Dead Island,PS3,Action,Deep Silver,2.01,6-Sep-11,71,41,6.6,348,Techland
Dance Central 2,X360,Misc,Microsoft Game Studios,1.95,25-Oct-11,86,56,8.1,53,Harmonix Music Systems
Just Dance 3,X360,Misc,Ubisoft,1.94,7-Oct-11,70,34,7.9,14,Ubisoft
Need for Speed: The Run,PS3,Racing,Electronic Arts,1.87,15-Nov-11,64,48,6.4,148,Black Box
Mortal Kombat,X360,Fighting,Warner Bros. Interactive Entertainment,1.8,19-Apr-11,86,66,8.3,338,NetherRealm Studios
Portal 2,X360,Shooter,Valve Software,1.78,19-Apr-11,95,66,8.4,850,Valve Software
Dark Souls,PS3,Role-Playing,Namco Bandai Games,1.7,4-Oct-11,89,54,8.6,815,From Software
inFAMOUS 2,PS3,Action,Sony Computer Entertainment,1.64,7-Jun-11,83,90,8.4,663,Sucker Punch
Kirby's Return to Dreamland,Wii,Platform,Nintendo,1.6,24-Oct-11,77,49,8.2,108,HAL Labs
LEGO Star Wars III: The Clone Wars,Wii,Action,LucasArts,1.54,22-Mar-11,76,7,7.3,8,Traveller's Tales
Rage,X360,Shooter,Bethesda Softworks,1.52,4-Oct-11,81,77,6.6,488,id Software
Portal 2,PS3,Shooter,Valve,1.51,19-Apr-11,95,54,8.3,738,Valve Software
Dead Space 2,X360,Shooter,Electronic Arts,1.41,25-Jan-11,90,83,8.6,574,Visceral Games
Homefront,X360,Shooter,THQ,1.4,15-Mar-11,70,85,6,371,Kaos Studios
LEGO Pirates of the Caribbean: The Video Game,Wii,Action,Disney Interactive Studios,1.39,10-May-11,73,14,6.8,11,Traveller's Tales
Resistance 3,PS3,Shooter,Sony Computer Entertainment,1.36,6-Sep-11,83,91,7.7,434,Insomniac Games
Go Vacation,Wii,Misc,Namco Bandai Games,1.35,11-Oct-11,64,28,6.7,7,Namco Bandai Games
Professor Layton and the Mask of Miracle,3DS,Adventure,Nintendo,1.35,28-Oct-12,82,54,8.4,76,Level 5
Mass Effect 2,PS3,Role-Playing,Electronic Arts,1.32,18-Jan-11,94,62,8.4,818,BioWare
Dead Space 2,PS3,Shooter,Electronic Arts,1.31,25-Jan-11,89,78,8.3,397,Visceral Games
LEGO Star Wars III: The Clone Wars,X360,Action,LucasArts,1.28,22-Mar-11,75,43,7.7,33,Traveller's Tales
Marvel vs. Capcom 3: Fate of Two Worlds,PS3,Fighting,Capcom,1.27,15-Feb-11,84,56,7.2,135,Capcom
Need for Speed: The Run,X360,Racing,Electronic Arts,1.27,15-Nov-11,68,65,6,140,Black Box
Crysis 2,X360,Shooter,Electronic Arts,1.26,22-Mar-11,84,72,7.5,478,Crytek
